Target Category,Actual Record Count,Percentage (%),Representation Tier
Billing and Payment,0,0.0,Underrepresented
General Consumer Services,11553,65.98,Strongly Represented
Meter Issues,0,0.0,Underrepresented
New Connection / Service Request,0,0.0,Underrepresented
Pole / Wire / Electrical Hazard,0,0.0,Underrepresented
Power Outage / No Supply,0,0.0,Underrepresented
Power Theft / Unauthorized Connection,0,0.0,Underrepresented
Street/Public Electrical Infrastructure,5956,34.02,Strongly Represented
Transformer Fault,0,0.0,Underrepresented
Voltage Fluctuation / Low Voltage,0,0.0,Underrepresented
